"zip";"individuals";"total_income";"average_income"
"33063";49580;1363807;27.507200484066157
"34748";37200;1159532;31.170215053763442
"32003";27600;1360893;49.30771739130435
"32008";4680;121040;25.863247863247864
"32009";3150;108588;34.47238095238095
"32011";15090;488828;32.394168323392975
"32024";17310;478432;27.639052570768342
"32025";15990;388015;24.266103814884303
"32033";4490;152504;33.965256124721606
"32034";36540;2859447;78.25525451559935
"32038";8570;213498;24.912252042007
"32040";7740;237806;30.724289405684754
"32043";35270;1463339;41.489622908987805
"32044";1480;35860;24.22972972972973
"32046";8900;266838;29.98179775280899
"32052";5130;115464;22.507602339181286
"32053";3140;69694;22.195541401273886
"32054";9240;238927;25.857900432900433
"32055";13500;330516;24.482666666666667
"32058";3190;76821;24.081818181818182
"32059";2450;61385;25.055102040816326
"32060";17320;446193;25.761720554272518
"32061";300;7460;24.866666666666667
"32062";2250;59753;26.55688888888889
"32063";12490;351148;28.11433146517214
"32064";6000;132237;22.0395
"32065";37830;1155685;30.54943166798837
"32066";4600;104692;22.75913043478261
"32068";53910;1554539;28.835818957521795
"32071";3220;78810;24.475155279503106
"32073";38490;1218288;31.65206547155105
"32080";20370;1479239;72.61850760922925
"32081";27360;1780257;65.06787280701755
"32082";30150;4655591;154.4142951907131
"32083";1780;29096;16.34606741573034
"32084";29430;1183589;40.21709140332994
"32086";29640;1109987;37.448954116059376
"32087";3940;86526;21.960913705583756
"32091";13140;321654;24.478995433789954
"32092";46750;2258329;48.30650267379679
"32094";2400;61805;25.752083333333335
"32095";18490;1040398;56.26814494321255
"32096";2280;54660;23.973684210526315
"32097";22690;750324;33.068488320846186
"32102";1990;58604;29.44924623115578
"32110";7710;207970;26.974059662775616
"32112";5900;115338;19.548813559322035
"32113";5510;136941;24.85317604355717
"32114";22730;489682;21.54342278926529
"32117";22740;519668;22.85259454705365
"32118";14120;796783;56.42939093484419
"32119";18180;515634;28.36270627062706
"32124";7000;372254;53.17914285714286
"32127";25700;1146774;44.62155642023346
"32128";19920;998022;50.10150602409639
"32129";18690;524210;28.047619047619047
"32130";5110;141140;27.620352250489237
"32131";3870;132268;34.17777777777778
"32132";6590;203661;30.904552352048558
"32134";6120;153137;25.02238562091503
"32136";7890;449184;56.93079847908745
"32137";43610;2410692;55.27842238018803
"32139";830;19606;23.62168674698795
"32140";1410;38893;27.58368794326241
"32141";16050;477923;29.777133956386294
"32145";5160;126777;24.56918604651163
"32148";8410;161139;19.160404280618312
"32159";25090;947204;37.752251893184535
"32162";47200;2695889;57.116292372881354
"32164";46280;1265795;27.350799481417457
"32168";27000;1226170;45.4137037037037
"32169";9310;877546;94.25843179377014
"32174";47760;2105727;44.089761306532665
"32176";12580;839033;66.69578696343402
"32177";20090;469069;23.348382279741166
"32179";6690;163775;24.480568011958148
"32180";3550;82521;23.245352112676056
"32181";2170;44556;20.532718894009218
"32187";1660;44986;27.1
"32189";4340;96488;22.232258064516127
"32190";1090;23452;21.51559633027523
"32193";870;29739;34.182758620689654
"32195";3370;106552;31.61780415430267
"32202";2350;348702;148.38382978723405
"32204";6490;310332;47.81694915254237
"32205";24310;1111437;45.7193336075689
"32206";13720;270380;19.706997084548107
"32207";31250;1552080;49.66656
"32208";27540;495028;17.974872912127815
"32209";27230;385418;14.154168196841718
"32210";56360;1972185;34.99263662171753
"32211";29750;668496;22.470453781512607
"32212";1320;23218;17.58939393939394
"32216";35370;1053410;29.782584110828385
"32217";17410;891663;51.21556576680069
"32218";60760;1646045;27.090931533903884
"32219";12890;320898;24.89511249030256
"32220";11700;355525;30.386752136752136
"32221";28390;802341;28.261394857344136
"32222";15550;449294;28.893504823151126
"32223";24130;1415498;58.66133443845835
"32224";34350;2174808;63.313187772925765
"32225";52950;2272693;42.92149197355996
"32226";20730;823887;39.74370477568741
"32227";1870;32557;17.410160427807487
"32228";120;3123;26.025
"32233";21210;1374992;64.82753418198963
"32234";7240;190852;26.360773480662985
"32244";55370;1322069;23.87699115044248
"32246";50940;1713570;33.638987043580684
"32250";25930;2040261;78.68341689163131
"32254";11360;180240;15.866197183098592
"32256";48920;2424990;49.57052330335241
"32257";36020;1478358;41.04269850083287
"32258";35010;1407331;40.19797200799771
"32259";65720;3516919;53.51367924528302
"32266";6600;548115;83.04772727272727
"32277";27650;722260;26.121518987341773
"32301";20940;648670;30.977554918815663
"32303";39600;1270838;32.091868686868686
"32304";18080;332061;18.36620575221239
"32305";16150;329412;20.39702786377709
"32308";20020;1117448;55.81658341658342
"32309";29480;1560758;52.942944369063774
"32310";11860;244241;20.593676222596965
"32311";18830;826860;43.91184280403611
"32312";33370;2322106;69.58663470182799
"32317";31080;718296;23.11119691119691
"32320";2620;77270;29.49236641221374
"32321";3810;90686;23.80209973753281
"32322";2540;74475;29.320866141732285
"32324";3090;73974;23.93980582524272
"32327";24830;747954;30.122996375352397
"32328";2950;178763;60.59762711864407
"32331";3330;83269;25.005705705705704
"32332";1490;22812;15.31006711409396
"32333";9930;314795;31.701409869083584
"32334";1500;38191;25.46066666666667
"32336";1120;35460;31.660714285714285
"32340";7440;166678;22.40295698924731
"32343";3350;75021;22.394328358208956
"32344";9330;311790;33.41800643086817
"32346";1480;64968;43.8972972972973
"32347";6380;166541;26.10360501567398
"32348";8190;201961;24.65946275946276
"32350";1230;34743;28.246341463414634
"32351";13280;307821;23.1792921686747
"32352";4910;112756;22.964562118126274
"32358";1850;54837;29.64162162162162
"32359";1410;45307;32.132624113475174
"32401";16420;472499;28.775822168087696
"32403";540;13126;24.307407407407407
"32404";34760;949882;27.32686996547756
"32405";24700;817075;33.07995951417004
"32407";12710;498083;39.1882769472856
"32408";13970;681998;48.81875447387259
"32409";9860;323739;32.833569979716025
"32413";13370;752088;56.251907255048614
"32420";1910;45799;23.978534031413613
"32421";3460;80025;23.128612716763005
"32423";980;23546;24.026530612244898
"32424";4550;112496;24.724395604395603
"32425";10230;251787;24.612609970674487
"32426";720;15665;21.756944444444443
"32427";950;18174;19.130526315789474
"32428";13800;359170;26.026811594202897
"32430";1060;26417;24.921698113207547
"32431";4330;95758;22.11501154734411
"32433";13980;311418;22.27596566523605
"32435";5980;163311;27.30953177257525
"32437";540;11921;22.075925925925926
"32438";3350;62264;18.586268656716417
"32439";13380;491530;36.73617339312407
"32440";5140;128063;24.91498054474708
"32442";3010;77929;25.890033222591363
"32443";2660;55134;20.727067669172932
"32444";19340;730564;37.77476732161324
"32445";1300;21334;16.41076923076923
"32446";7830;244846;31.270242656449554
"32448";6760;153535;22.712278106508876
"32449";420;7772;18.504761904761907
"32455";3640;81547;22.40302197802198
"32456";6320;294362;46.57626582278481
"32459";21340;2307154;108.11405810684161
"32460";3280;82142;25.04329268292683
"32461";3550;881843;248.40647887323945
"32462";2970;68579;23.09057239057239
"32464";3080;71186;23.112337662337662
"32465";5110;122241;23.921917808219177
"32466";5360;129659;24.190111940298507
"32501";7550;282392;37.40291390728477
"32502";3260;311903;95.67576687116565
"32503";25850;1099908;42.54963249516441
"32504";19330;826537;42.75928608380755
"32505";22610;424177;18.76059265811588
"32506";30920;817740;26.446959896507114
"32507";26190;1249861;47.72283314242077
"32508";1520;35038;23.051315789473684
"32514";32750;1069674;32.66180152671756
"32526";40010;1236858;30.9137215696076
"32531";6350;196463;30.939055118110236
"32533";28840;1002135;34.74809292649098
"32534";14660;415452;28.339154160982265
"32535";3900;93773;24.044358974358975
"32536";28970;914479;31.566413531239213
"32539";27980;726267;25.95664760543245
"32541";17700;1516968;85.70440677966101
"32542";3370;63156;18.740652818991098
"32544";1830;35707;19.512021857923497
"32547";29680;932977;31.434535040431268
"32548";19070;702052;36.81447299423178
"32550";7620;917820;120.44881889763779
"32561";8490;1200763;141.43262661955242
"32563";26230;1184817;45.17030118185284
"32564";2840;70694;24.89225352112676
"32565";5680;177557;31.260035211267606
"32566";41770;1532804;36.696289202777116
"32567";3810;110087;28.894225721784778
"32568";2820;83757;29.701063829787234
"32569";11360;384072;33.80915492957747
"32570";30060;850610;28.29707252162342
"32571";37140;1325846;35.698599892299406
"32577";5070;171867;33.89881656804734
"32578";33580;1565160;46.60988683740322
"32579";9880;509260;51.544534412955464
"32580";3990;145536;36.47518796992481
"32583";23750;741306;31.212884210526315
"32601";9620;318554;33.113721413721414
"32603";1450;67473;46.53310344827586
"32605";21360;997978;46.72181647940075
"32606";21360;1052977;49.29667602996255
"32607";22630;954532;42.179938135218734
"32608";37480;1895378;50.57038420490929
"32609";13590;316069;23.25746872700515
"32615";14030;585696;41.74597291518175
"32617";3820;105286;27.561780104712042
"32618";6240;193085;30.943108974358974
"32619";4400;108994;24.771363636363635
"32621";4760;97702;20.52563025210084
"32622";1280;42110;32.8984375
"32625";1430;57107;39.93496503496503
"32626";6360;164940;25.933962264150942
"32628";3130;66945;21.38817891373802
"32631";370;17699;47.83513513513513
"32640";8470;227391;26.84663518299882
"32641";11150;196881;17.657488789237668
"32643";11060;373202;33.74339963833635
"32648";330;8740;26.484848484848484
"32653";12740;598835;47.00431711145997
"32656";12780;347888;27.22128325508607
"32666";5200;175622;33.77346153846154
"32667";3300;149367;45.262727272727275
"32668";4450;139808;31.41752808988764
"32669";15960;828353;51.90181704260652
"32680";7150;164021;22.94
"32686";3620;151964;41.979005524861876
"32693";9880;257282;26.040688259109313
"32694";1590;41879;26.338993710691824
"32696";11040;315286;28.558514492753623
"32701";19900;623863;31.34989949748744
"32702";2800;83733;29.904642857142857
"32703";48370;1325945;27.41254910068224
"32707";32910;1011174;30.725432999088422
"32708";43790;1931633;44.111281114409685
"32709";2310;72413;31.347619047619048
"32712";45720;1591818;34.81666666666667
"32713";20830;801673;38.48646183389342
"32714";33100;1045612;31.58948640483384
"32720";27500;843110;30.658545454545454
"32724";35540;1255510;35.32667416994935
"32725";45170;1091092;24.155235775957493
"32726";17710;497489;28.090852625635236
"32730";4930;132036;26.782150101419877
"32732";5310;250865;47.24387947269303
"32735";5260;155042;29.475665399239542
"32736";10270;424764;41.35968841285297
"32738";43650;1029150;23.577319587628867
"32744";3450;109594;31.766376811594203
"32746";42130;2438088;57.870591027771184
"32750";22960;873343;38.03758710801394
"32751";20620;1337091;64.84437439379244
"32754";10920;357587;32.74606227106227
"32757";25660;1113094;43.378565861262665
"32759";2440;79790;32.700819672131146
"32763";20990;585542;27.89623630300143
"32764";2990;114006;38.129096989966555
"32765";57030;2550213;44.71704366123093
"32766";15900;837179;52.652767295597485
"32767";2510;49162;19.586454183266934
"32771";53500;1985465;37.1114953271028
"32773";28900;731765;25.320588235294117
"32776";11980;465746;38.876961602671116
"32778";20050;679991;33.914763092269325
"32779";28260;2236112;79.12639773531494
"32780";34260;1241899;36.24924109748979
"32784";10180;303933;29.85589390962672
"32789";22370;3810512;170.34027715690658
"32792";42520;1604609;37.73774694261524
"32796";17620;559978;31.78081725312145
"32798";2710;79277;29.25350553505535
"32801";13150;1068845;81.2809885931559
"32803";18810;1193324;63.44093567251462
"32804";16910;1423802;84.19881726788883
"32805";17580;295852;16.828896473265075
"32806";23100;1365418;59.10900432900433
"32807";29150;610113;20.930120068610634
"32808";43270;699880;16.174716893921886
"32809";25860;686960;26.5645784996133
"32810";29970;697293;23.266366366366366
"32811";34400;582922;16.945406976744184
"32812";30600;1112309;36.349967320261435
"32814";7980;746281;93.5189223057644
"32817";27350;897288;32.80760511882998
"32818";43060;822119;19.092405945192755
"32819";28810;1645245;57.10673377299549
"32820";9280;374636;40.370258620689654
"32821";22090;591575;26.78021729289271
"32822";54000;1088926;20.165296296296297
"32824";54840;1340641;24.446407731582788
"32825";55660;1558331;27.997323032698528
"32826";17440;485755;27.852924311926607
"32827";18390;1202967;65.4141924959217
"32828";61480;2213100;35.99707221860768
"32829";19310;574671;29.760279647850854
"32831";310;3355;10.82258064516129
"32832";34730;1451263;41.78701410883962
"32833";9960;344234;34.56164658634538
"32835";38080;1215634;31.92316176470588
"32836";21540;1987015;92.24767873723306
"32837";51310;1389838;27.087078542194504
"32839";46710;905743;19.390772853778635
"32901";18880;567370;30.05137711864407
"32903";12940;922283;71.27380216383308
"32904";33590;1324188;39.42208990771063
"32905";20650;546973;26.487796610169493
"32907";40230;1054384;26.208898831717622
"32908";14140;340084;24.05120226308345
"32909";35310;957652;27.121268762390258
"32920";8080;385601;47.72289603960396
"32922";12270;265024;21.599348003259983
"32925";1160;35086;30.24655172413793
"32926";19780;621203;31.40561172901921
"32927";24510;722831;29.49126886984904
"32931";11850;801058;67.5998312236287
"32934";17220;859642;49.921138211382114
"32935";35020;1028257;29.361993146773273
"32937";25210;1708320;67.7635858786196
"32940";45770;2615461;57.14356565435875
"32948";6470;134842;20.84111282843895
"32949";2450;119531;48.788163265306125
"32950";4420;203625;46.06900452488688
"32951";10170;777156;76.4165191740413
"32952";18780;1065637;56.74318423855165
"32953";21620;958477;44.332886216466235
"32955";37230;1642782;44.12522159548751
"32958";25230;880187;34.886523979389615
"32960";17000;621795;36.57617647058824
"32962";22680;657684;28.998412698412697
"32963";14470;5590673;386.3630269523151
"32966";17650;730498;41.38798866855524
"32967";23900;1029438;43.07271966527197
"32968";14600;598989;41.02664383561644
"32976";6850;211762;30.914160583941605
"33004";13410;417124;31.10544369873229
"33009";35300;1318309;37.34586402266289
"33010";35680;653586;18.3179932735426
"33012";59350;1267405;21.354759898904803
"33013";28310;568888;20.094948781349345
"33014";35470;1099965;31.01113617141246
"33015";57500;1498084;26.053634782608697
"33016";40710;1181086;29.012183738639155
"33018";52830;1488216;28.169903463940944
"33019";12460;1391987;111.71645264847513
"33020";36390;1032442;28.37158560043968
"33021";43040;1825284;42.40901486988847
"33023";62440;1310917;20.994827033952596
"33024";68120;2047850;30.06238990017616
"33025";64580;1828541;28.31435428925364
"33026";28370;1170128;41.24525907648925
"33027";57700;2435981;42.21804159445407
"33028";26590;1169135;43.96897329823242
"33029";44920;2047050;45.57101513802315
"33030";30210;591663;19.585004965243296
"33031";6130;273941;44.68858075040783
"33032";55030;1229664;22.345338906051246
"33033";59240;1240413;20.93877447670493
"33034";20010;304300;15.207396301849075
"33035";16010;365156;22.807995003123047
"33036";3060;450931;147.36307189542484
"33037";12470;2679154;214.84795509222133
"33040";29720;1980384;66.63472409152087
"33042";5820;547093;94.00223367697595
"33043";3940;178347;45.265736040609134
"33050";9110;496818;54.53545554335895
"33054";26640;452652;16.99144144144144
"33055";41100;834150;20.295620437956206
"33056";33390;674769;20.208715184186882
"33060";30320;984517;32.470877308707124
"33062";20510;2699541;131.6207215992199
"33064";51570;2371195;45.980124103160755
"33065";52150;1440217;27.61681687440077
"33066";15030;512825;34.120093147039256
"33067";26110;1840460;70.4887016468786
"33068";49240;949964;19.292526401299757
"33069";23850;776855;32.57253668763103
"33070";5070;387671;76.463708086785
"33071";37520;1770659;47.19240405117271
"33073";29820;1056599;35.432562038900066
"33076";41390;3235423;78.16919545784006
"33109";520;1578682;3035.9269230769232
"33122";2000;137108;68.554
"33125";42080;798451;18.974596007604564
"33126";40940;1017379;24.850488519785053
"33127";22520;459133;20.38778863232682
"33128";5350;99372;18.574205607476635
"33129";12220;961176;78.65597381342062
"33130";23870;1136778;47.62371177209887
"33131";20640;3770810;182.69428294573643
"33132";12900;1292331;100.18069767441861
"33133";29000;5478828;188.92510344827585
"33134";35150;2921527;83.11598862019915
"33135";26990;526904;19.522193404964803
"33136";11670;269085;23.05784061696658
"33137";20820;1914073;91.93434197886647
"33138";23240;1304075;56.11338209982788
"33139";27320;8894945;325.5836383601757
"33140";17000;5397580;317.50470588235294
"33141";28520;2115889;74.18965638148667
"33142";43960;690903;15.716628753412193
"33143";27350;3642600;133.18464351005485
"33144";22790;608786;26.712856516015798
"33145";25210;891805;35.37504958349861
"33146";10670;1757361;164.70112464854734
"33147";42420;707621;16.68130598774163
"33149";12070;2108631;174.70016570008286
"33150";24550;439375;17.897148676171078
"33154";12990;3867494;297.72856043110085
"33155";40170;1605985;39.97971122728404
"33156";30440;5462849;179.46284494086729
"33157";61000;2267374;37.17006557377049
"33158";6130;696247;113.58026101141925
"33160";36970;4567243;123.53916689207466
"33161";44010;980647;22.282367643717336
"33162";40700;857807;21.076339066339067
"33165";49360;1533751;31.07275121555916
"33166";25100;1179492;46.99171314741036
"33167";17780;345652;19.440494938132733
"33168";25160;491940;19.552464228934817
"33169";37720;843193;22.35400318133616
"33170";14930;357002;23.911721366376423
"33172";37540;933660;24.871070857751732
"33173";29560;1265811;42.82175236806495
"33174";26750;676628;25.294504672897197
"33175";49930;1640956;32.86513118365712
"33176";46550;2479580;53.26702470461869
"33177";53530;1298818;24.263366336633663
"33178";58840;2032974;34.55088375254929
"33179";40670;1362598;33.5037619867224
"33180";29590;2209139;74.6582967218655
"33181";16210;769569;47.474953732264034
"33182";13090;484214;36.99113827349122
"33183";32970;1051091;31.880224446466485
"33184";18730;549794;29.35365723438334
"33185";27640;972707;35.19200434153401
"33186";64090;2250343;35.11223279762834
"33187";18610;608203;32.68151531434712
"33189";22930;629132;27.43706934147405
"33190";13580;352967;25.991678939617085
"33193";43090;1155998;26.827523787421676
"33194";6050;180219;29.788264462809916
"33196";48360;1462058;30.232795698924733
"33301";16930;4221554;249.35345540460722
"33304";16030;1708227;106.56437928883344
"33305";9730;1619351;166.42867420349435
"33306";3080;316879;102.8827922077922
"33308";25420;3213143;126.40216365066877
"33309";35150;963847;27.420967283072546
"33311";61030;1145731;18.773242667540554
"33312";45430;1786057;39.31448382126348
"33313";53120;964494;18.156890060240965
"33314";22940;712426;31.056059285091543
"33315";10930;603011;55.170265324794144
"33316";10960;3141259;286.6112226277372
"33317";34870;1311136;37.600688270719814
"33319";45550;1130349;24.81556531284303
"33321";44800;1299156;28.999017857142857
"33322";35190;1237841;35.17593066211992
"33323";21580;1140652;52.85690454124189
"33324";41630;2246787;53.97038193610377
"33325";28800;1326837;46.070729166666666
"33326";32700;1566005;47.89006116207951
"33327";21570;1462099;67.78391284191007
"33328";26260;1468402;55.917821782178216
"33330";14030;1324096;94.37605131860299
"33331";22250;1987951;89.34611235955056
"33332";10450;970478;92.8687081339713
"33334";25470;975583;38.30321947389085
"33351";33530;913222;27.23596779003877
"33401";23660;4382342;185.22155536770921
"33403";12100;296429;24.498264462809917
"33404";26740;1859175;69.52786088257292
"33405";17090;945590;55.33001755412522
"33406";24500;738155;30.128775510204083
"33407";27880;719800;25.817790530846484
"33408";16360;3679457;224.905684596577
"33409";28270;771521;27.29115670321896
"33410";32860;3395787;103.34105295191722
"33411";68180;2693048;39.49909064241713
"33412";15280;1139009;74.54247382198953
"33413";16100;463554;28.792173913043477
"33414";54970;4178747;76.01868291795525
"33415";44140;893858;20.250521069324876
"33417";27550;673178;24.434773139745918
"33418";39200;5379919;137.24283163265306
"33426";22530;769042;34.134132268086994
"33428";38660;1650839;42.701474392136575
"33430";18050;306077;16.957174515235458
"33431";15590;1957763;125.57812700449006
"33432";18520;5045534;272.43704103671706
"33433";40330;2426943;60.17711381105877
"33434";17730;1424629;80.35132543711224
"33435";32160;1686560;52.44278606965174
"33436";39230;1952522;49.77114453224573
"33437";33160;1623906;48.97183353437877
"33438";820;16280;19.853658536585368
"33440";17520;446456;25.482648401826484
"33441";23020;1059416;46.02154648132059
"33442";24060;912748;37.936325852036575
"33444";19700;1141699;57.954263959390865
"33445";27530;1397508;50.76309480566655
"33446";26280;3449743;131.2687595129376
"33449";9350;724886;77.52791443850268
"33455";17720;2989034;168.68137697516931
"33458";49950;3527583;70.62228228228228
"33460";28440;718443;25.261708860759494
"33461";38820;761231;19.609247810407005
"33462";29610;2490742;84.11827085444106
"33463";59560;1477147;24.800990597716588
"33467";52010;2318642;44.580696019996154
"33469";13880;2159989;155.61880403458213
"33470";31750;1313453;41.36859842519685
"33471";4340;100300;23.110599078341014
"33472";17340;968739;55.86730103806229
"33473";11090;1021823;92.13913435527502
"33476";5390;85894;15.935807050092764
"33477";10880;3481637;320.0034007352941
"33478";14360;1160470;80.81267409470752
"33480";9050;14661559;1620.061767955801
"33483";11050;5122851;463.6064253393665
"33484";20690;1093389;52.84625422909618
"33486";20240;1448792;71.5806324110672
"33487";17600;2322352;131.95181818181817
"33493";3270;43764;13.383486238532111
"33496";23050;4679003;202.99362255965292
"33498";14570;916404;62.896636925188744
"33510";26500;764361;28.843811320754718
"33511";50080;1651176;32.97076677316294
"33513";10680;338889;31.7311797752809
"33514";1620;39147;24.164814814814815
"33523";14780;414877;28.070162381596752
"33525";16300;562432;34.50503067484662
"33527";15820;455309;28.780594184576486
"33534";16750;398375;23.78358208955224
"33538";3950;103601;26.228101265822787
"33540";8490;216118;25.455594817432274
"33541";18320;495699;27.057805676855896
"33542";16540;380023;22.975997581620316
"33543";35590;1490957;41.8925821860073
"33544";26580;1036412;38.992174567343866
"33545";23770;806669;33.936432477913336
"33547";30000;1471536;49.0512
"33548";8040;537343;66.83370646766168
"33549";16300;709657;43.537239263803684
"33556";34150;2504736;73.34512445095169
"33558";27140;1521299;56.05375829034635
"33559";14110;529654;37.53749114103473
"33563";28700;581018;20.244529616724737
"33565";15410;488373;31.691953277092797
"33566";20220;610473;30.19154302670623
"33567";10340;301734;29.181237911025146
"33569";26840;933076;34.76438152011922
"33570";30990;823359;26.568538238141336
"33572";23670;1393154;58.857372201098435
"33573";29150;1068772;36.66456260720412
"33576";5760;232896;40.43333333333333
"33578";54230;1769553;32.630518163378206
"33579";44980;1445975;32.14706536238328
"33584";25580;726658;28.407271305707585
"33585";1080;34237;31.700925925925926
"33592";9880;426999;43.21852226720648
"33594";31620;1059351;33.50256166982922
"33596";28360;1241036;43.76008462623413
"33597";6840;165582;24.207894736842107
"33598";26050;790677;30.352284069097887
"33602";14920;1586822;106.3553619302949
"33603";16180;583957;36.09128553770086
"33604";32140;811653;25.253671437461108
"33605";13970;382622;27.388833214030065
"33606";14740;2282616;154.8586160108548
"33607";20450;810046;39.611051344743274
"33609";15720;1796204;114.26234096692112
"33610";39020;750087;19.22314197847258
"33611";28180;1949794;69.19070262597587
"33612";36820;789184;21.433568712656164
"33613";24890;1145864;46.037123342707915
"33614";41290;908685;22.007386776459192
"33615";41990;1272420;30.30292926887354
"33616";13290;579788;43.62588412340105
"33617";37020;1020778;27.573689897352782
"33618";23980;1370299;57.143411175979985
"33619";34240;826277;24.131921728971964
"33621";2330;52617;22.582403433476394
"33624";36220;1297549;35.824102705687466
"33625";26420;964369;36.50147615442847
"33626";30140;1907052;63.273125414731254
"33629";24540;3531980;143.9274653626732
"33634";19880;629480;31.663983903420522
"33635";16720;571614;34.18744019138756
"33637";15600;415216;26.616410256410255
"33647";64930;3239530;49.892653626982906
"33701";14510;1962834;135.27456926257753
"33702";25980;1068342;41.121709006928405
"33703";20860;1434313;68.75901246404602
"33704";14500;2060232;142.0849655172414
"33705";22830;847873;37.13854577310556
"33706";12910;1725197;133.63261037955073
"33707";19620;1320943;67.32635066258919
"33708";13450;1013548;75.35672862453532
"33709";21230;585094;27.559773904851625
"33710";28930;1135831;39.26135499481507
"33711";15790;551552;34.93046231792274
"33712";22220;604434;27.202250225022503
"33713";26520;924908;34.875867269984916
"33714";15280;355951;23.295222513089005
"33715";6990;1211759;173.3560801144492
"33716";14280;591229;41.40259103641456
"33755";22970;966379;42.071353939921636
"33756";26440;1490027;56.35503025718608
"33759";15780;687994;43.599112801013945
"33760";14070;428253;30.437313432835822
"33761";15740;757150;48.103557814485384
"33762";5430;355547;65.47826887661142
"33763";15860;528971;33.35252206809584
"33764";23720;1005134;42.37495784148398
"33765";11970;422187;35.27042606516291
"33767";7270;1497302;205.95625859697387
"33770";20700;845677;40.853961352657
"33771";23410;659159;28.157155061939342
"33772";20680;862565;41.71010638297872
"33773";15230;521640;34.25082074852265
"33774";15300;648231;42.368039215686274
"33776";11630;570159;49.024849527085124
"33777";15800;831023;52.59639240506329
"33778";12530;417011;33.28100558659218
"33781";22840;591745;25.908274956217163
"33782";19050;656738;34.474435695538055
"33785";4620;608028;131.60779220779222
"33786";1550;285080;183.9225806451613
"33801";25810;556528;21.562495156915926
"33803";23480;1225232;52.181942078364564
"33805";22430;458679;20.449353544360232
"33809";26890;783245;29.12774265526218
"33810";47060;1329179;28.244347641308966
"33811";24490;817486;33.38040016333197
"33812";14190;543155;38.277307963354474
"33813";34540;1707350;49.43109438332368
"33815";11550;225050;19.484848484848484
"33823";32060;895891;27.944198378041172
"33825";18930;427239;22.569413629160064
"33827";2400;109366;45.56916666666667
"33830";25390;657728;25.905001969279244
"33834";4830;84795;17.555900621118013
"33837";39360;1071575;27.224974593495936
"33838";5570;116742;20.95906642728905
"33839";4480;110737;24.718080357142856
"33841";7310;175946;24.06922024623803
"33843";8120;190361;23.44347290640394
"33844";40720;868420;21.326620825147348
"33849";1330;40638;30.554887218045113
"33850";7730;188723;24.414359637774904
"33852";17510;501189;28.623015419760137
"33853";10170;218354;21.47040314650934
"33857";1070;29179;27.270093457943926
"33859";9910;332888;33.59112008072654
"33860";22200;555559;25.02518018018018
"33865";760;18529;24.38026315789474
"33868";10640;331335;31.140507518796994
"33870";18080;418283;23.135121681415928
"33872";11290;354429;31.39317980513729
"33873";12140;284852;23.463920922570015
"33875";9580;305886;31.92964509394572
"33876";4240;112950;26.639150943396228
"33880";36800;850842;23.12070652173913
"33881";35290;843798;23.91039954661377
"33884";31130;1204824;38.702987471892065
"33890";4390;101674;23.16036446469248
"33896";20550;616878;30.01839416058394
"33897";26120;631023;24.158614088820826
"33898";13690;429253;31.355222790357924
"33901";18010;726097;40.31632426429761
"33903";18300;655731;35.83229508196721
"33904";27800;1300732;46.78892086330935
"33905";32390;1086673;33.54964495214573
"33907";20020;666620;33.2977022977023
"33908";36660;2812512;76.71882160392799
"33909";32970;872826;26.473339399454048
"33912";16870;1438915;85.29430942501482
"33913";27390;2134879;77.94373859072654
"33914";40550;1982155;48.881750924784214
"33916";22260;546196;24.537106918238994
"33917";24900;820607;32.95610441767068
"33919";26220;1692595;64.55358504958048
"33920";6720;401147;59.694494047619045
"33922";3540;158793;44.85677966101695
"33928";26600;1910189;71.81161654135339
"33931";6850;603488;88.10043795620437
"33935";17320;409168;23.624018475750578
"33936";20480;436130;21.29541015625
"33946";2620;284685;108.65839694656489
"33947";9880;408880;41.38461538461539
"33948";14850;499365;33.627272727272725
"33950";20860;1341196;64.29511025886865
"33952";26810;770107;28.72461767997016
"33953";6220;298680;48.01929260450161
"33954";10220;328083;32.10205479452055
"33955";9110;466333;51.18913282107574
"33956";3130;190636;60.90607028753993
"33957";5680;1390327;244.77588028169015
"33960";650;19075;29.346153846153847
"33966";12110;623597;51.4943848059455
"33967";24880;867730;34.8766077170418
"33971";25960;536318;20.65939907550077
"33972";13800;317174;22.983623188405797
"33973";10540;169302;16.06280834914611
"33974";15750;307592;19.529650793650795
"33976";17350;320775;18.488472622478387
"33980";9640;326405;33.8594398340249
"33981";13100;555407;42.39748091603053
"33982";10590;423612;40.00113314447592
"33983";14680;526194;35.84427792915531
"33990";29510;931464;31.564351067434767
"33991";25670;946108;36.85656408258668
"33993";31210;980730;31.423582185197052
"34102";8800;7173194;815.1356818181819
"34103";10620;3228924;304.04180790960453
"34104";23020;957194;41.58097306689835
"34105";15360;2700120;175.7890625
"34108";14820;4906326;331.0611336032389
"34109";24130;2274566;94.26299212598425
"34110";22010;3218159;146.21349386642436
"34112";23040;1094681;47.512196180555556
"34113";22730;1747598;76.88508578970523
"34114";20040;1446393;72.1752994011976
"34116";31320;701866;22.409514687100895
"34117";16270;527829;32.44185617701291
"34119";33830;3257723;96.29686668637304
"34120";42820;2030941;47.42972909855208
"34134";13520;3035832;224.54378698224852
"34135";40280;2631033;65.31859483614697
"34141";580;58781;101.34655172413792
"34142";25300;535860;21.1802371541502
"34145";14030;3681715;262.41732002851035
"34201";3820;356017;93.19816753926702
"34202";26640;2644712;99.27597597597598
"34203";34030;1081059;31.767822509550395
"34205";27080;760173;28.071381093057607
"34207";24630;541061;21.9675598863175
"34208";33960;1195668;35.20812720848056
"34209";28090;1598566;56.90872196511214
"34210";13040;626659;48.056671779141105
"34211";21430;1479851;69.05510965935605
"34212";23210;1305186;56.23377854373115
"34215";750;81671;108.89466666666667
"34217";3180;454415;142.89779874213838
"34219";30020;1370955;45.6680546302465
"34221";42220;1481202;35.08294647086689
"34222";12190;404613;33.19220672682527
"34223";15050;1004218;66.72544850498339
"34224";13260;455074;34.31930618401206
"34228";6200;2591484;417.98129032258066
"34229";7490;861226;114.98344459279039
"34231";26160;1488045;56.882454128440365
"34232";31870;1169196;36.68641355506746
"34233";17000;734661;43.21535294117647
"34234";16940;521772;30.801180637544274
"34235";12700;558676;43.99023622047244
"34236";11600;3139789;270.67146551724136
"34237";13100;381390;29.11374045801527
"34238";21490;1595009;74.22098650535132
"34239";12440;999566;80.35096463022508
"34240";16170;1365256;84.43141620284477
"34241";14590;948865;65.03529814941741
"34242";6510;2128760;326.9984639016897
"34243";26300;1237964;47.07087452471483
"34251";6840;252976;36.98479532163743
"34266";21750;464416;21.352459770114944
"34269";3510;151477;43.155840455840455
"34275";18930;1402812;74.10522979397781
"34285";14080;995116;70.67585227272727
"34286";21270;605995;28.49059708509638
"34287";21310;621961;29.186344439230407
"34288";14280;437426;30.63207282913165
"34289";3170;118764;37.464984227129335
"34291";7830;254645;32.52171136653895
"34292";14910;834223;55.9505700871898
"34293";42010;2006021;47.75103546774577
"34420";15040;352415;23.43184840425532
"34428";7580;229147;30.230474934036938
"34429";7070;274151;38.776661951909475
"34431";7150;189089;26.446013986013988
"34432";10980;320127;29.15546448087432
"34433";6830;175041;25.628257686676427
"34434";8780;215460;24.53986332574032
"34436";6260;165451;26.429872204472844
"34442";14020;598984;42.72353780313837
"34446";15990;484546;30.303064415259538
"34448";7840;250081;31.898086734693877
"34449";2650;65900;24.867924528301888
"34450";8530;271904;31.87620164126612
"34452";10410;257676;24.752737752161384
"34453";9220;266097;28.860845986984817
"34461";8420;324829;38.57826603325416
"34465";15570;477332;30.657161207450226
"34470";17040;419793;24.63573943661972
"34471";23500;1079217;45.92412765957447
"34472";29190;642865;22.023466940733126
"34473";20790;472426;22.723713323713323
"34474";14670;430961;29.377027948193593
"34475";9960;202169;20.29809236947791
"34476";24290;775891;31.942815973651708
"34479";11620;296415;25.509036144578314
"34480";20380;811809;39.83361138370952
"34481";21400;803100;37.52803738317757
"34482";17310;633839;36.61692663200462
"34484";6180;260463;42.14611650485437
"34488";8420;186959;22.2041567695962
"34491";26740;802683;30.01806282722513
"34498";440;15200;34.54545454545455
"34601";18690;565654;30.26506153023007
"34602";7820;241919;30.935933503836317
"34604";10960;333701;30.447171532846717
"34606";23950;611441;25.529895615866387
"34607";7050;323524;45.889929078014184
"34608";29290;700318;23.909798566063504
"34609";40260;1174047;29.161624441132638
"34610";13930;405565;29.114501076812633
"34613";15810;473994;29.980645161290322
"34614";9180;239603;26.100544662309368
"34637";8710;381786;43.83306544202067
"34638";33000;1322746;40.08321212121212
"34639";27210;1080451;39.707864755604554
"34652";21570;701897;32.54042651831247
"34653";26860;674940;25.12807148175726
"34654";20150;653500;32.4317617866005
"34655";42680;1824389;42.74575913776945
"34667";27500;805847;29.303527272727273
"34668";39340;844214;21.459430604982206
"34669";13920;361855;25.995330459770116
"34677";21070;1081165;51.31300427147603
"34683";30070;1660301;55.21453275690057
"34684";23660;991960;41.925612848689774
"34685";16570;1060836;64.0214846107423
"34688";8490;684015;80.56713780918727
"34689";23260;974670;41.90326741186586
"34690";11280;249711;22.1375
"34691";19620;470269;23.968858307849132
"34695";16060;1164906;72.5346201743462
"34698";31410;1686917;53.70636739891754
"34705";2560;68136;26.615625
"34711";61930;2354457;38.01803649281447
"34714";23940;646652;27.01136173767753
"34715";22070;750732;34.015949252378796
"34731";10710;325007;30.346125116713353
"34734";4230;195618;46.245390070921985
"34736";24560;778855;31.712337133550488
"34737";3330;160910;48.32132132132132
"34739";780;19397;24.867948717948718
"34741";49630;934509;18.829518436429577
"34743";35590;682964;19.18977240797977
"34744";57510;1396409;24.2811511041558
"34746";55050;1250291;22.711916439600362
"34747";27100;1301139;48.01250922509225
"34753";7140;144491;20.236834733893556
"34756";3800;232241;61.116052631578945
"34758";41310;756966;18.32403776325345
"34759";41480;930763;22.43883799421408
"34761";44560;1404134;31.51108617594255
"34762";630;21858;34.695238095238096
"34769";23870;576563;24.15429409300377
"34771";29450;1046750;35.54329371816638
"34772";34280;967570;28.225495915986
"34773";5210;167495;32.148752399232244
"34785";10750;318170;29.59720930232558
"34786";43190;4042416;93.59611021069692
"34787";88320;3976462;45.02334692028985
"34788";15440;434591;28.14708549222798
"34797";1300;55641;42.800769230769234
"34945";4590;170062;37.05054466230937
"34946";5610;123031;21.93065953654189
"34947";11670;199212;17.07043701799486
"34949";6640;497164;74.87409638554217
"34950";13060;228693;17.510949464012253
"34951";13170;393285;29.862186788154897
"34952";36170;1136316;31.415980094000552
"34953";75600;2040065;26.984986772486774
"34956";7580;139648;18.423218997361477
"34957";20030;1408041;70.29660509236146
"34972";15070;341986;22.69316522893165
"34974";19240;577170;29.99844074844075
"34981";3970;151111;38.063224181360205
"34982";23350;602461;25.801327623126337
"34983";40990;1077234;26.280409856062455
"34984";16400;565099;34.45725609756098
"34986";28100;1257513;44.75135231316726
"34987";17520;857081;48.92014840182648
"34990";29830;2212424;74.16775058665773
"34994";14090;747977;53.085663591199435
"34996";9100;1528436;167.96
"34997";39580;1915660;48.39969681657403
